Image Name,Class Label
0/image_0.png,0
0/image_1.png,0
0/image_10.png,0
0/image_100.png,0
0/image_101.png,0
0/image_102.png,0
0/image_103.png,0
0/image_104.png,0
0/image_105.png,0
0/image_106.png,0
0/image_107.png,0
0/image_108.png,0
0/image_109.png,0
0/image_11.png,0
0/image_110.png,0
0/image_111.png,0
0/image_112.png,0
0/image_113.png,0
0/image_114.png,0
0/image_115.png,0
0/image_116.png,0
0/image_117.png,0
0/image_118.png,0
0/image_119.png,0
0/image_12.png,0
0/image_120.png,0
0/image_121.png,0
0/image_122.png,0
0/image_123.png,0
0/image_124.png,0
0/image_125.png,0
0/image_126.png,0
0/image_127.png,0
0/image_128.png,0
0/image_129.png,0
0/image_13.png,0
0/image_130.png,0
0/image_131.png,0
0/image_132.png,0
0/image_133.png,0
0/image_134.png,0
0/image_135.png,0
0/image_136.png,0
0/image_137.png,0
0/image_138.png,0
0/image_139.png,0
0/image_14.png,0
0/image_140.png,0
0/image_141.png,0
0/image_142.png,0
0/image_143.png,0
0/image_144.png,0
0/image_145.png,0
0/image_146.png,0
0/image_147.png,0
0/image_148.png,0
0/image_149.png,0
0/image_15.png,0
0/image_150.png,0
0/image_151.png,0
0/image_152.png,0
0/image_153.png,0
0/image_154.png,0
0/image_155.png,0
0/image_156.png,0
0/image_157.png,0
0/image_158.png,0
0/image_159.png,0
0/image_16.png,0
0/image_160.png,0
0/image_161.png,0
0/image_162.png,0
0/image_163.png,0
0/image_164.png,0
0/image_165.png,0
0/image_166.png,0
0/image_167.png,0
0/image_168.png,0
0/image_169.png,0
0/image_17.png,0
0/image_170.png,0
0/image_171.png,0
0/image_172.png,0
0/image_173.png,0
0/image_174.png,0
0/image_175.png,0
0/image_176.png,0
0/image_177.png,0
0/image_178.png,0
0/image_18.png,0
0/image_19.png,0
0/image_2.png,0
0/image_20.png,0
0/image_21.png,0
0/image_22.png,0
0/image_23.png,0
0/image_24.png,0
0/image_25.png,0
0/image_26.png,0
0/image_27.png,0
0/image_28.png,0
0/image_29.png,0
0/image_3.png,0
0/image_30.png,0
0/image_31.png,0
0/image_32.png,0
0/image_33.png,0
0/image_34.png,0
0/image_35.png,0
0/image_36.png,0
0/image_37.png,0
0/image_38.png,0
0/image_39.png,0
0/image_4.png,0
0/image_40.png,0
0/image_41.png,0
0/image_42.png,0
0/image_43.png,0
0/image_44.png,0
0/image_45.png,0
0/image_46.png,0
0/image_47.png,0
0/image_48.png,0
0/image_49.png,0
0/image_5.png,0
0/image_50.png,0
0/image_51.png,0
0/image_52.png,0
0/image_53.png,0
0/image_54.png,0
0/image_55.png,0
0/image_56.png,0
0/image_57.png,0
0/image_58.png,0
0/image_59.png,0
0/image_6.png,0
0/image_60.png,0
0/image_61.png,0
0/image_62.png,0
0/image_63.png,0
0/image_64.png,0
0/image_65.png,0
0/image_66.png,0
0/image_67.png,0
0/image_68.png,0
0/image_69.png,0
0/image_7.png,0
0/image_70.png,0
0/image_71.png,0
0/image_72.png,0
0/image_73.png,0
0/image_74.png,0
0/image_75.png,0
0/image_76.png,0
0/image_77.png,0
0/image_78.png,0
0/image_79.png,0
0/image_8.png,0
0/image_80.png,0
0/image_81.png,0
0/image_82.png,0
0/image_83.png,0
0/image_84.png,0
0/image_85.png,0
0/image_86.png,0
0/image_87.png,0
0/image_88.png,0
0/image_89.png,0
0/image_9.png,0
0/image_90.png,0
0/image_91.png,0
0/image_92.png,0
0/image_93.png,0
0/image_94.png,0
0/image_95.png,0
0/image_96.png,0
0/image_97.png,0
0/image_98.png,0
0/image_99.png,0
1/image_100.png,1
1/image_101.png,1
1/image_102.png,1
1/image_103.png,1
1/image_104.png,1
1/image_105.png,1
1/image_106.png,1
1/image_107.png,1
1/image_108.png,1
1/image_109.png,1
1/image_110.png,1
1/image_111.png,1
1/image_112.png,1
1/image_113.png,1
1/image_114.png,1
1/image_115.png,1
1/image_116.png,1
1/image_117.png,1
1/image_118.png,1
1/image_119.png,1
1/image_120.png,1
1/image_121.png,1
1/image_122.png,1
1/image_123.png,1
1/image_124.png,1
1/image_125.png,1
1/image_126.png,1
1/image_127.png,1
1/image_128.png,1
1/image_129.png,1
1/image_130.png,1
1/image_131.png,1
1/image_132.png,1
1/image_133.png,1
1/image_134.png,1
1/image_135.png,1
1/image_136.png,1
1/image_137.png,1
1/image_138.png,1
1/image_139.png,1
1/image_140.png,1
1/image_141.png,1
1/image_142.png,1
1/image_143.png,1
1/image_144.png,1
1/image_145.png,1
1/image_146.png,1
1/image_147.png,1
1/image_148.png,1
1/image_149.png,1
1/image_150.png,1
1/image_151.png,1
1/image_152.png,1
1/image_153.png,1
1/image_154.png,1
1/image_155.png,1
1/image_156.png,1
1/image_157.png,1
1/image_158.png,1
1/image_159.png,1
1/image_160.png,1
1/image_161.png,1
1/image_162.png,1
1/image_163.png,1
1/image_179.png,1
1/image_180.png,1
1/image_181.png,1
1/image_182.png,1
1/image_183.png,1
1/image_184.png,1
1/image_185.png,1
1/image_186.png,1
1/image_187.png,1
1/image_188.png,1
1/image_189.png,1
1/image_190.png,1
1/image_191.png,1
1/image_192.png,1
1/image_193.png,1
1/image_194.png,1
1/image_195.png,1
1/image_196.png,1
1/image_197.png,1
1/image_198.png,1
1/image_199.png,1
1/image_200.png,1
1/image_201.png,1
1/image_202.png,1
1/image_203.png,1
1/image_204.png,1
1/image_205.png,1
1/image_206.png,1
1/image_207.png,1
1/image_208.png,1
1/image_209.png,1
1/image_210.png,1
1/image_211.png,1
1/image_212.png,1
1/image_213.png,1
1/image_214.png,1
1/image_215.png,1
1/image_216.png,1
1/image_217.png,1
1/image_218.png,1
1/image_219.png,1
1/image_220.png,1
1/image_221.png,1
1/image_222.png,1
1/image_223.png,1
1/image_224.png,1
1/image_225.png,1
1/image_226.png,1
1/image_227.png,1
1/image_228.png,1
1/image_229.png,1
1/image_230.png,1
1/image_231.png,1
1/image_232.png,1
1/image_233.png,1
1/image_234.png,1
1/image_235.png,1
1/image_236.png,1
1/image_237.png,1
1/image_238.png,1
1/image_239.png,1
1/image_240.png,1
1/image_241.png,1
1/image_242.png,1
1/image_243.png,1
1/image_244.png,1
1/image_245.png,1
1/image_246.png,1
1/image_247.png,1
1/image_248.png,1
1/image_249.png,1
1/image_250.png,1
1/image_251.png,1
1/image_252.png,1
1/image_253.png,1
1/image_254.png,1
1/image_255.png,1
1/image_256.png,1
1/image_257.png,1
1/image_258.png,1
1/image_259.png,1
1/image_260.png,1
1/image_261.png,1
1/image_262.png,1
1/image_263.png,1
1/image_264.png,1
1/image_265.png,1
1/image_266.png,1
1/image_267.png,1
1/image_268.png,1
1/image_269.png,1
1/image_270.png,1
1/image_271.png,1
1/image_272.png,1
1/image_273.png,1
1/image_274.png,1
1/image_275.png,1
1/image_276.png,1
1/image_277.png,1
1/image_278.png,1
1/image_279.png,1
1/image_280.png,1
1/image_281.png,1
1/image_282.png,1
1/image_283.png,1
1/image_284.png,1
1/image_285.png,1
1/image_286.png,1
1/image_287.png,1
1/image_288.png,1
1/image_289.png,1
1/image_290.png,1
1/image_291.png,1
1/image_292.png,1
1/image_293.png,1
1/image_294.png,1
1/image_295.png,1
1/image_296.png,1
1/image_297.png,1
1/image_298.png,1
1/image_299.png,1
1/image_300.png,1
1/image_301.png,1
1/image_302.png,1
1/image_303.png,1
1/image_304.png,1
1/image_305.png,1
1/image_306.png,1
1/image_307.png,1
1/image_308.png,1
1/image_309.png,1
1/image_310.png,1
1/image_311.png,1
1/image_312.png,1
1/image_313.png,1
1/image_314.png,1
1/image_315.png,1
1/image_316.png,1
1/image_317.png,1
1/image_318.png,1
1/image_319.png,1
1/image_320.png,1
1/image_321.png,1
1/image_322.png,1
1/image_323.png,1
1/image_324.png,1
1/image_325.png,1
1/image_326.png,1
1/image_327.png,1
1/image_328.png,1
1/image_329.png,1
1/image_330.png,1
1/image_331.png,1
1/image_332.png,1
1/image_333.png,1
1/image_334.png,1
1/image_335.png,1
1/image_336.png,1
1/image_337.png,1
1/image_338.png,1
1/image_339.png,1
1/image_340.png,1
1/image_341.png,1
1/image_342.png,1
1/image_343.png,1
1/image_344.png,1
1/image_345.png,1
1/image_346.png,1
1/image_347.png,1
1/image_348.png,1
1/image_349.png,1
1/image_350.png,1
1/image_351.png,1
1/image_352.png,1
1/image_353.png,1
1/image_354.png,1
1/image_355.png,1
1/image_356.png,1
1/image_357.png,1
1/image_358.png,1
1/image_359.png,1
1/image_360.png,1
1/image_361.png,1
1/image_362.png,1
1/image_363.png,1
1/image_364.png,1
1/image_365.png,1
1/image_366.png,1
1/image_367.png,1
1/image_368.png,1
1/image_369.png,1
1/image_370.png,1
1/image_371.png,1
1/image_372.png,1
1/image_373.png,1
1/image_374.png,1
1/image_375.png,1
1/image_376.png,1
1/image_377.png,1
1/image_378.png,1
1/image_379.png,1
1/image_380.png,1
1/image_381.png,1
1/image_382.png,1
1/image_383.png,1
1/image_384.png,1
1/image_385.png,1
1/image_386.png,1
1/image_387.png,1
1/image_388.png,1
1/image_389.png,1
1/image_390.png,1
1/image_391.png,1
1/image_392.png,1
1/image_393.png,1
1/image_394.png,1
1/image_395.png,1
1/image_396.png,1
1/image_397.png,1
1/image_398.png,1
1/image_399.png,1
1/image_400.png,1
1/image_401.png,1
1/image_402.png,1
1/image_403.png,1
1/image_404.png,1
1/image_405.png,1
1/image_406.png,1
1/image_407.png,1
1/image_408.png,1
1/image_409.png,1
1/image_410.png,1
1/image_411.png,1
1/image_412.png,1
1/image_413.png,1
1/image_414.png,1
1/image_415.png,1
1/image_416.png,1
1/image_417.png,1
1/image_418.png,1
1/image_419.png,1
1/image_420.png,1
1/image_421.png,1
1/image_422.png,1
1/image_423.png,1
1/image_424.png,1
1/image_425.png,1
1/image_426.png,1
1/image_427.png,1
1/image_428.png,1
1/image_429.png,1
1/image_430.png,1
1/image_431.png,1
1/image_432.png,1
1/image_433.png,1
1/image_434.png,1
1/image_435.png,1
1/image_436.png,1
1/image_437.png,1
1/image_438.png,1
1/image_439.png,1
1/image_440.png,1
1/image_441.png,1
1/image_442.png,1
1/image_443.png,1
1/image_444.png,1
1/image_445.png,1
1/image_446.png,1
1/image_447.png,1
1/image_448.png,1
1/image_449.png,1
1/image_450.png,1
1/image_451.png,1
1/image_452.png,1
1/image_453.png,1
1/image_454.png,1
1/image_455.png,1
1/image_456.png,1
1/image_457.png,1
1/image_458.png,1
1/image_459.png,1
1/image_460.png,1
1/image_461.png,1
1/image_462.png,1
1/image_463.png,1
1/image_464.png,1
1/image_465.png,1
1/image_466.png,1
1/image_467.png,1
1/image_468.png,1
1/image_469.png,1
1/image_470.png,1
1/image_471.png,1
1/image_472.png,1
1/image_473.png,1
1/image_474.png,1
1/image_475.png,1
1/image_476.png,1
1/image_477.png,1
1/image_478.png,1
1/image_479.png,1
1/image_480.png,1
1/image_481.png,1
1/image_482.png,1
1/image_483.png,1
1/image_484.png,1
1/image_485.png,1
1/image_486.png,1
1/image_487.png,1
1/image_488.png,1
1/image_489.png,1
1/image_490.png,1
1/image_491.png,1
1/image_492.png,1
1/image_493.png,1
1/image_494.png,1
1/image_59.png,1
1/image_60.png,1
1/image_61.png,1
1/image_62.png,1
1/image_63.png,1
1/image_64.png,1
1/image_65.png,1
1/image_66.png,1
1/image_67.png,1
1/image_68.png,1
1/image_69.png,1
1/image_70.png,1
1/image_71.png,1
1/image_72.png,1
1/image_73.png,1
1/image_74.png,1
1/image_75.png,1
1/image_76.png,1
1/image_77.png,1
1/image_78.png,1
1/image_79.png,1
1/image_80.png,1
1/image_81.png,1
1/image_82.png,1
1/image_83.png,1
1/image_84.png,1
1/image_85.png,1
1/image_86.png,1
1/image_87.png,1
1/image_88.png,1
1/image_89.png,1
1/image_90.png,1
1/image_91.png,1
1/image_92.png,1
1/image_93.png,1
1/image_94.png,1
1/image_95.png,1
1/image_96.png,1
1/image_97.png,1
1/image_98.png,1
1/image_99.png,1
10/image_2043.png,2
10/image_2044.png,2
10/image_2045.png,2
10/image_2046.png,2
10/image_2047.png,2
10/image_2048.png,2
10/image_2049.png,2
10/image_2050.png,2
10/image_2051.png,2
10/image_2052.png,2
10/image_2053.png,2
10/image_2054.png,2
10/image_2055.png,2
10/image_2056.png,2
10/image_2057.png,2
10/image_2058.png,2
10/image_2059.png,2
10/image_2060.png,2
10/image_2061.png,2
10/image_2062.png,2
10/image_2063.png,2
10/image_2064.png,2
10/image_2065.png,2
10/image_2066.png,2
10/image_2067.png,2
10/image_2068.png,2
10/image_2069.png,2
10/image_2070.png,2
10/image_2071.png,2
10/image_2072.png,2
10/image_2073.png,2
10/image_2074.png,2
10/image_2075.png,2
10/image_2076.png,2
10/image_2077.png,2
10/image_2078.png,2
10/image_2079.png,2
10/image_2080.png,2
10/image_2081.png,2
10/image_2082.png,2
10/image_2083.png,2
10/image_2084.png,2
10/image_2085.png,2
10/image_2086.png,2
10/image_2087.png,2
10/image_2088.png,2
10/image_2089.png,2
10/image_2090.png,2
10/image_2091.png,2
10/image_2092.png,2
10/image_2093.png,2
10/image_2094.png,2
10/image_2095.png,2
10/image_2096.png,2
10/image_2097.png,2
10/image_2098.png,2
10/image_2099.png,2
10/image_2100.png,2
10/image_2101.png,2
10/image_2102.png,2
10/image_2103.png,2
10/image_2104.png,2
10/image_2105.png,2
10/image_2106.png,2
10/image_2107.png,2
10/image_2108.png,2
10/image_2109.png,2
10/image_2110.png,2
10/image_2111.png,2
10/image_2112.png,2
10/image_2113.png,2
10/image_2114.png,2
10/image_2115.png,2
10/image_2116.png,2
10/image_2117.png,2
10/image_2118.png,2
10/image_2119.png,2
10/image_2120.png,2
10/image_2121.png,2
10/image_2122.png,2
10/image_2123.png,2
10/image_2124.png,2
10/image_2125.png,2
10/image_2126.png,2
10/image_2127.png,2
10/image_2128.png,2
10/image_2129.png,2
10/image_2130.png,2
10/image_2131.png,2
10/image_2132.png,2
10/image_2133.png,2
10/image_2134.png,2
10/image_2135.png,2
10/image_2136.png,2
10/image_2137.png,2
10/image_2138.png,2
10/image_2139.png,2
10/image_2140.png,2
10/image_2141.png,2
10/image_2142.png,2
10/image_2143.png,2
10/image_2144.png,2
10/image_2145.png,2
10/image_2146.png,2
10/image_2147.png,2
10/image_2148.png,2
10/image_2149.png,2
10/image_2150.png,2
10/image_2151.png,2
10/image_2152.png,2
10/image_2153.png,2
10/image_2154.png,2
10/image_2155.png,2
10/image_2156.png,2
10/image_2157.png,2
10/image_2158.png,2
10/image_2159.png,2
10/image_2160.png,2
10/image_2161.png,2
10/image_2162.png,2
10/image_2163.png,2
10/image_2164.png,2
10/image_2165.png,2
10/image_2166.png,2
10/image_2167.png,2
10/image_2168.png,2
10/image_2169.png,2
10/image_2170.png,2
10/image_2171.png,2
10/image_2172.png,2
10/image_2173.png,2
10/image_2174.png,2
10/image_2175.png,2
10/image_2176.png,2
10/image_2177.png,2
10/image_2178.png,2
10/image_2179.png,2
10/image_2180.png,2
10/image_2181.png,2
10/image_2182.png,2
10/image_2183.png,2
10/image_2184.png,2
10/image_2185.png,2
10/image_2186.png,2
10/image_2187.png,2
10/image_2188.png,2
10/image_2189.png,2
10/image_2190.png,2
10/image_2191.png,2
10/image_2192.png,2
10/image_2193.png,2
10/image_2194.png,2
10/image_2195.png,2
10/image_2196.png,2
10/image_2197.png,2
10/image_2198.png,2
10/image_2199.png,2
10/image_2200.png,2
10/image_2201.png,2
10/image_2202.png,2
10/image_2203.png,2
10/image_2204.png,2
10/image_2205.png,2
10/image_2206.png,2
10/image_2207.png,2
10/image_2208.png,2
10/image_2209.png,2
10/image_2210.png,2
10/image_2211.png,2
10/image_2212.png,2
10/image_2213.png,2
10/image_676.png,2
10/image_677.png,2
10/image_678.png,2
10/image_679.png,2
10/image_680.png,2
10/image_681.png,2
10/image_682.png,2
10/image_683.png,2
10/image_684.png,2
10/image_685.png,2
10/image_686.png,2
10/image_687.png,2
10/image_688.png,2
10/image_689.png,2
10/image_690.png,2
10/image_691.png,2
10/image_692.png,2
10/image_693.png,2
10/image_694.png,2
10/image_695.png,2
10/image_696.png,2
10/image_697.png,2
10/image_698.png,2
10/image_699.png,2
10/image_700.png,2
10/image_701.png,2
10/image_702.png,2
10/image_703.png,2
10/image_704.png,2
10/image_705.png,2
10/image_706.png,2
10/image_707.png,2
10/image_708.png,2
10/image_709.png,2
10/image_710.png,2
10/image_711.png,2
10/image_712.png,2
10/image_713.png,2
10/image_714.png,2
10/image_715.png,2
10/image_716.png,2
10/image_717.png,2
10/image_718.png,2
10/image_719.png,2
10/image_720.png,2
10/image_721.png,2
10/image_722.png,2
10/image_723.png,2
10/image_724.png,2
10/image_725.png,2
10/image_726.png,2
10/image_727.png,2
10/image_728.png,2
10/image_729.png,2
10/image_730.png,2
10/image_731.png,2
10/image_732.png,2
10/image_733.png,2
10/image_734.png,2
10/image_735.png,2
10/image_736.png,2
10/image_737.png,2
10/image_738.png,2
10/image_739.png,2
10/image_740.png,2
10/image_741.png,2
10/image_742.png,2
10/image_743.png,2
10/image_744.png,2
10/image_745.png,2
10/image_746.png,2
10/image_747.png,2
10/image_748.png,2
10/image_749.png,2
10/image_750.png,2
10/image_751.png,2
10/image_752.png,2
10/image_753.png,2
10/image_754.png,2
10/image_755.png,2
10/image_756.png,2
10/image_757.png,2
10/image_758.png,2
10/image_759.png,2
10/image_760.png,2
2/image_161.png,3
2/image_162.png,3
2/image_163.png,3
2/image_164.png,3
2/image_165.png,3
2/image_166.png,3
2/image_167.png,3
2/image_168.png,3
2/image_169.png,3
2/image_170.png,3
2/image_171.png,3
2/image_172.png,3
2/image_173.png,3
2/image_174.png,3
2/image_175.png,3
2/image_176.png,3
2/image_177.png,3
2/image_178.png,3
2/image_179.png,3
2/image_180.png,3
2/image_181.png,3
2/image_182.png,3
2/image_183.png,3
2/image_184.png,3
2/image_185.png,3
2/image_186.png,3
2/image_187.png,3
2/image_188.png,3
2/image_189.png,3
2/image_190.png,3
2/image_191.png,3
2/image_192.png,3
2/image_193.png,3
2/image_194.png,3
2/image_195.png,3
2/image_196.png,3
2/image_197.png,3
2/image_198.png,3
2/image_199.png,3
2/image_200.png,3
2/image_201.png,3
2/image_202.png,3
2/image_203.png,3
2/image_204.png,3
2/image_205.png,3
2/image_206.png,3
2/image_207.png,3
2/image_208.png,3
2/image_209.png,3
2/image_210.png,3
2/image_211.png,3
2/image_212.png,3
2/image_213.png,3
2/image_214.png,3
2/image_215.png,3
2/image_216.png,3
2/image_217.png,3
2/image_218.png,3
2/image_219.png,3
2/image_220.png,3
2/image_221.png,3
2/image_222.png,3
2/image_223.png,3
2/image_224.png,3
2/image_225.png,3
2/image_226.png,3
2/image_495.png,3
2/image_496.png,3
2/image_497.png,3
2/image_498.png,3
2/image_499.png,3
2/image_500.png,3
2/image_501.png,3
2/image_502.png,3
2/image_503.png,3
2/image_504.png,3
2/image_505.png,3
2/image_506.png,3
2/image_507.png,3
2/image_508.png,3
2/image_509.png,3
2/image_510.png,3
2/image_511.png,3
2/image_512.png,3
2/image_513.png,3
2/image_514.png,3
2/image_515.png,3
2/image_516.png,3
2/image_517.png,3
2/image_518.png,3
2/image_519.png,3
2/image_520.png,3
2/image_521.png,3
2/image_522.png,3
2/image_523.png,3
2/image_524.png,3
2/image_525.png,3
2/image_526.png,3
2/image_527.png,3
2/image_528.png,3
2/image_529.png,3
2/image_530.png,3
2/image_531.png,3
2/image_532.png,3
2/image_533.png,3
2/image_534.png,3
2/image_535.png,3
2/image_536.png,3
2/image_537.png,3
2/image_538.png,3
2/image_539.png,3
2/image_540.png,3
2/image_541.png,3
2/image_542.png,3
2/image_543.png,3
2/image_544.png,3
2/image_545.png,3
2/image_546.png,3
2/image_547.png,3
2/image_548.png,3
2/image_549.png,3
2/image_550.png,3
2/image_551.png,3
2/image_552.png,3
2/image_553.png,3
2/image_554.png,3
2/image_555.png,3
2/image_556.png,3
2/image_557.png,3
2/image_558.png,3
2/image_559.png,3
2/image_560.png,3
2/image_561.png,3
2/image_562.png,3
2/image_563.png,3
2/image_564.png,3
2/image_565.png,3
2/image_566.png,3
2/image_567.png,3
2/image_568.png,3
2/image_569.png,3
2/image_570.png,3
2/image_571.png,3
2/image_572.png,3
2/image_573.png,3
2/image_574.png,3
2/image_575.png,3
2/image_576.png,3
2/image_577.png,3
2/image_578.png,3
2/image_579.png,3
2/image_580.png,3
2/image_581.png,3
2/image_582.png,3
2/image_583.png,3
2/image_584.png,3
2/image_585.png,3
2/image_586.png,3
2/image_587.png,3
2/image_588.png,3
2/image_589.png,3
2/image_590.png,3
2/image_591.png,3
2/image_592.png,3
2/image_593.png,3
2/image_594.png,3
2/image_595.png,3
2/image_596.png,3
2/image_597.png,3
2/image_598.png,3
2/image_599.png,3
2/image_600.png,3
2/image_601.png,3
2/image_602.png,3
2/image_603.png,3
2/image_604.png,3
2/image_605.png,3
2/image_606.png,3
2/image_607.png,3
2/image_608.png,3
2/image_609.png,3
2/image_610.png,3
2/image_611.png,3
2/image_612.png,3
2/image_613.png,3
2/image_614.png,3
2/image_615.png,3
2/image_616.png,3
2/image_617.png,3
2/image_618.png,3
2/image_619.png,3
2/image_620.png,3
2/image_621.png,3
2/image_622.png,3
2/image_623.png,3
2/image_624.png,3
2/image_625.png,3
2/image_626.png,3
2/image_627.png,3
2/image_628.png,3
2/image_629.png,3
2/image_630.png,3
2/image_631.png,3
2/image_632.png,3
2/image_633.png,3
2/image_634.png,3
2/image_635.png,3
2/image_636.png,3
2/image_637.png,3
2/image_638.png,3
2/image_639.png,3
2/image_640.png,3
2/image_641.png,3
2/image_642.png,3
2/image_643.png,3
2/image_644.png,3
2/image_645.png,3
2/image_646.png,3
2/image_647.png,3
2/image_648.png,3
2/image_649.png,3
2/image_650.png,3
2/image_651.png,3
2/image_652.png,3
2/image_653.png,3
2/image_654.png,3
2/image_655.png,3
2/image_656.png,3
2/image_657.png,3
2/image_658.png,3
2/image_659.png,3
2/image_660.png,3
2/image_661.png,3
2/image_662.png,3
2/image_663.png,3
2/image_664.png,3
2/image_665.png,3
2/image_666.png,3
2/image_667.png,3
2/image_668.png,3
2/image_669.png,3
2/image_670.png,3
2/image_671.png,3
2/image_672.png,3
2/image_673.png,3
2/image_674.png,3
2/image_675.png,3
2/image_676.png,3
2/image_677.png,3
2/image_678.png,3
2/image_679.png,3
2/image_680.png,3
2/image_681.png,3
2/image_682.png,3
2/image_683.png,3
2/image_684.png,3
2/image_685.png,3
2/image_686.png,3
3/image_219.png,4
3/image_220.png,4
3/image_221.png,4
3/image_222.png,4
3/image_223.png,4
3/image_224.png,4
3/image_225.png,4
3/image_226.png,4
3/image_227.png,4
3/image_228.png,4
3/image_229.png,4
3/image_230.png,4
3/image_231.png,4
3/image_232.png,4
3/image_233.png,4
3/image_234.png,4
3/image_235.png,4
3/image_236.png,4
3/image_237.png,4
3/image_238.png,4
3/image_239.png,4
3/image_240.png,4
3/image_241.png,4
3/image_242.png,4
3/image_243.png,4
3/image_244.png,4
3/image_245.png,4
3/image_246.png,4
3/image_247.png,4
3/image_248.png,4
3/image_249.png,4
3/image_250.png,4
3/image_251.png,4
3/image_252.png,4
3/image_253.png,4
3/image_254.png,4
3/image_255.png,4
3/image_256.png,4
3/image_257.png,4
3/image_258.png,4
3/image_259.png,4
3/image_260.png,4
3/image_261.png,4
3/image_262.png,4
3/image_263.png,4
3/image_264.png,4
3/image_265.png,4
3/image_266.png,4
3/image_267.png,4
3/image_268.png,4
3/image_269.png,4
3/image_270.png,4
3/image_271.png,4
3/image_272.png,4
3/image_273.png,4
3/image_274.png,4
3/image_275.png,4
3/image_276.png,4
3/image_277.png,4
3/image_278.png,4
3/image_279.png,4
3/image_280.png,4
3/image_281.png,4
3/image_282.png,4
3/image_283.png,4
3/image_284.png,4
3/image_285.png,4
3/image_286.png,4
3/image_287.png,4
3/image_288.png,4
3/image_289.png,4
3/image_687.png,4
3/image_688.png,4
3/image_689.png,4
3/image_690.png,4
3/image_691.png,4
3/image_692.png,4
3/image_693.png,4
3/image_694.png,4
3/image_695.png,4
3/image_696.png,4
3/image_697.png,4
3/image_698.png,4
3/image_699.png,4
3/image_700.png,4
3/image_701.png,4
3/image_702.png,4
3/image_703.png,4
3/image_704.png,4
3/image_705.png,4
3/image_706.png,4
3/image_707.png,4
3/image_708.png,4
3/image_709.png,4
3/image_710.png,4
3/image_711.png,4
3/image_712.png,4
3/image_713.png,4
3/image_714.png,4
3/image_715.png,4
3/image_716.png,4
3/image_717.png,4
3/image_718.png,4
3/image_719.png,4
3/image_720.png,4
3/image_721.png,4
3/image_722.png,4
3/image_723.png,4
3/image_724.png,4
3/image_725.png,4
3/image_726.png,4
3/image_727.png,4
3/image_728.png,4
3/image_729.png,4
3/image_730.png,4
3/image_731.png,4
3/image_732.png,4
3/image_733.png,4
3/image_734.png,4
3/image_735.png,4
3/image_736.png,4
3/image_737.png,4
3/image_738.png,4
3/image_739.png,4
3/image_740.png,4
3/image_741.png,4
3/image_742.png,4
3/image_743.png,4
3/image_744.png,4
3/image_745.png,4
3/image_746.png,4
3/image_747.png,4
3/image_748.png,4
3/image_749.png,4
3/image_750.png,4
3/image_751.png,4
3/image_752.png,4
3/image_753.png,4
3/image_754.png,4
3/image_755.png,4
3/image_756.png,4
3/image_757.png,4
3/image_758.png,4
3/image_759.png,4
3/image_760.png,4
3/image_761.png,4
3/image_762.png,4
3/image_763.png,4
3/image_764.png,4
3/image_765.png,4
3/image_766.png,4
3/image_767.png,4
3/image_768.png,4
3/image_769.png,4
3/image_770.png,4
3/image_771.png,4
3/image_772.png,4
3/image_773.png,4
3/image_774.png,4
3/image_775.png,4
3/image_776.png,4
3/image_777.png,4
3/image_778.png,4
3/image_779.png,4
3/image_780.png,4
3/image_781.png,4
3/image_782.png,4
3/image_783.png,4
3/image_784.png,4
3/image_785.png,4
3/image_786.png,4
3/image_787.png,4
3/image_788.png,4
3/image_789.png,4
3/image_790.png,4
3/image_791.png,4
3/image_792.png,4
3/image_793.png,4
3/image_794.png,4
3/image_795.png,4
3/image_796.png,4
3/image_797.png,4
3/image_798.png,4
3/image_799.png,4
3/image_800.png,4
3/image_801.png,4
3/image_802.png,4
3/image_803.png,4
3/image_804.png,4
3/image_805.png,4
3/image_806.png,4
3/image_807.png,4
3/image_808.png,4
3/image_809.png,4
3/image_810.png,4
3/image_811.png,4
3/image_812.png,4
3/image_813.png,4
3/image_814.png,4
3/image_815.png,4
3/image_816.png,4
3/image_817.png,4
3/image_818.png,4
3/image_819.png,4
3/image_820.png,4
3/image_821.png,4
3/image_822.png,4
3/image_823.png,4
3/image_824.png,4
3/image_825.png,4
3/image_826.png,4
3/image_827.png,4
3/image_828.png,4
3/image_829.png,4
3/image_830.png,4
3/image_831.png,4
3/image_832.png,4
3/image_833.png,4
3/image_834.png,4
3/image_835.png,4
3/image_836.png,4
3/image_837.png,4
3/image_838.png,4
3/image_839.png,4
3/image_840.png,4
3/image_841.png,4
3/image_842.png,4
3/image_843.png,4
3/image_844.png,4
3/image_845.png,4
3/image_846.png,4
3/image_847.png,4
3/image_848.png,4
3/image_849.png,4
3/image_850.png,4
3/image_851.png,4
3/image_852.png,4
3/image_853.png,4
3/image_854.png,4
3/image_855.png,4
3/image_856.png,4
3/image_857.png,4
3/image_858.png,4
3/image_859.png,4
3/image_860.png,4
3/image_861.png,4
3/image_862.png,4
3/image_863.png,4
3/image_864.png,4
3/image_865.png,4
3/image_866.png,4
3/image_867.png,4
3/image_868.png,4
3/image_869.png,4
3/image_870.png,4
3/image_871.png,4
3/image_872.png,4
3/image_873.png,4
3/image_874.png,4
3/image_875.png,4
3/image_876.png,4
4/image_1000.png,5
4/image_1001.png,5
4/image_1002.png,5
4/image_1003.png,5
4/image_1004.png,5
4/image_1005.png,5
4/image_1006.png,5
4/image_1007.png,5
4/image_1008.png,5
4/image_1009.png,5
4/image_1010.png,5
4/image_1011.png,5
4/image_1012.png,5
4/image_1013.png,5
4/image_1014.png,5
4/image_1015.png,5
4/image_1016.png,5
4/image_1017.png,5
4/image_1018.png,5
4/image_1019.png,5
4/image_1020.png,5
4/image_1021.png,5
4/image_1022.png,5
4/image_1023.png,5
4/image_1024.png,5
4/image_1025.png,5
4/image_1026.png,5
4/image_1027.png,5
4/image_1028.png,5
4/image_1029.png,5
4/image_1030.png,5
4/image_1031.png,5
4/image_1032.png,5
4/image_1033.png,5
4/image_1034.png,5
4/image_1035.png,5
4/image_1036.png,5
4/image_1037.png,5
4/image_1038.png,5
4/image_1039.png,5
4/image_1040.png,5
4/image_1041.png,5
4/image_1042.png,5
4/image_1043.png,5
4/image_1044.png,5
4/image_1045.png,5
4/image_1046.png,5
4/image_1047.png,5
4/image_1048.png,5
4/image_1049.png,5
4/image_1050.png,5
4/image_1051.png,5
4/image_1052.png,5
4/image_1053.png,5
4/image_1054.png,5
4/image_1055.png,5
4/image_1056.png,5
4/image_288.png,5
4/image_289.png,5
4/image_290.png,5
4/image_291.png,5
4/image_292.png,5
4/image_293.png,5
4/image_294.png,5
4/image_295.png,5
4/image_296.png,5
4/image_297.png,5
4/image_298.png,5
4/image_299.png,5
4/image_300.png,5
4/image_301.png,5
4/image_302.png,5
4/image_303.png,5
4/image_304.png,5
4/image_305.png,5
4/image_306.png,5
4/image_307.png,5
4/image_308.png,5
4/image_309.png,5
4/image_310.png,5
4/image_311.png,5
4/image_312.png,5
4/image_313.png,5
4/image_314.png,5
4/image_315.png,5
4/image_316.png,5
4/image_317.png,5
4/image_318.png,5
4/image_319.png,5
4/image_320.png,5
4/image_321.png,5
4/image_322.png,5
4/image_323.png,5
4/image_324.png,5
4/image_325.png,5
4/image_326.png,5
4/image_327.png,5
4/image_328.png,5
4/image_329.png,5
4/image_330.png,5
4/image_331.png,5
4/image_332.png,5
4/image_333.png,5
4/image_334.png,5
4/image_335.png,5
4/image_336.png,5
4/image_337.png,5
4/image_338.png,5
4/image_339.png,5
4/image_340.png,5
4/image_341.png,5
4/image_342.png,5
4/image_343.png,5
4/image_344.png,5
4/image_345.png,5
4/image_346.png,5
4/image_347.png,5
4/image_348.png,5
4/image_349.png,5
4/image_877.png,5
4/image_878.png,5
4/image_879.png,5
4/image_880.png,5
4/image_881.png,5
4/image_882.png,5
4/image_883.png,5
4/image_884.png,5
4/image_885.png,5
4/image_886.png,5
4/image_887.png,5
4/image_888.png,5
4/image_889.png,5
4/image_890.png,5
4/image_891.png,5
4/image_892.png,5
4/image_893.png,5
4/image_894.png,5
4/image_895.png,5
4/image_896.png,5
4/image_897.png,5
4/image_898.png,5
4/image_899.png,5
4/image_900.png,5
4/image_901.png,5
4/image_902.png,5
4/image_903.png,5
4/image_904.png,5
4/image_905.png,5
4/image_906.png,5
4/image_907.png,5
4/image_908.png,5
4/image_909.png,5
4/image_910.png,5
4/image_911.png,5
4/image_912.png,5
4/image_913.png,5
4/image_914.png,5
4/image_915.png,5
4/image_916.png,5
4/image_917.png,5
4/image_918.png,5
4/image_919.png,5
4/image_920.png,5
4/image_921.png,5
4/image_922.png,5
4/image_923.png,5
4/image_924.png,5
4/image_925.png,5
4/image_926.png,5
4/image_927.png,5
4/image_928.png,5
4/image_929.png,5
4/image_930.png,5
4/image_931.png,5
4/image_932.png,5
4/image_933.png,5
4/image_934.png,5
4/image_935.png,5
4/image_936.png,5
4/image_937.png,5
4/image_938.png,5
4/image_939.png,5
4/image_940.png,5
4/image_941.png,5
4/image_942.png,5
4/image_943.png,5
4/image_944.png,5
4/image_945.png,5
4/image_946.png,5
4/image_947.png,5
4/image_948.png,5
4/image_949.png,5
4/image_950.png,5
4/image_951.png,5
4/image_952.png,5
4/image_953.png,5
4/image_954.png,5
4/image_955.png,5
4/image_956.png,5
4/image_957.png,5
4/image_958.png,5
4/image_959.png,5
4/image_960.png,5
4/image_961.png,5
4/image_962.png,5
4/image_963.png,5
4/image_964.png,5
4/image_965.png,5
4/image_966.png,5
4/image_967.png,5
4/image_968.png,5
4/image_969.png,5
4/image_970.png,5
4/image_971.png,5
4/image_972.png,5
4/image_973.png,5
4/image_974.png,5
4/image_975.png,5
4/image_976.png,5
4/image_977.png,5
4/image_978.png,5
4/image_979.png,5
4/image_980.png,5
4/image_981.png,5
4/image_982.png,5
4/image_983.png,5
4/image_984.png,5
4/image_985.png,5
4/image_986.png,5
4/image_987.png,5
4/image_988.png,5
4/image_989.png,5
4/image_990.png,5
4/image_991.png,5
4/image_992.png,5
4/image_993.png,5
4/image_994.png,5
4/image_995.png,5
4/image_996.png,5
4/image_997.png,5
4/image_998.png,5
4/image_999.png,5
5/image_1057.png,6
5/image_1058.png,6
5/image_1059.png,6
5/image_1060.png,6
5/image_1061.png,6
5/image_1062.png,6
5/image_1063.png,6
5/image_1064.png,6
5/image_1065.png,6
5/image_1066.png,6
5/image_1067.png,6
5/image_1068.png,6
5/image_1069.png,6
5/image_1070.png,6
5/image_1071.png,6
5/image_1072.png,6
5/image_1073.png,6
5/image_1074.png,6
5/image_1075.png,6
5/image_1076.png,6
5/image_1077.png,6
5/image_1078.png,6
5/image_1079.png,6
5/image_1080.png,6
5/image_1081.png,6
5/image_1082.png,6
5/image_1083.png,6
5/image_1084.png,6
5/image_1085.png,6
5/image_1086.png,6
5/image_1087.png,6
5/image_1088.png,6
5/image_1089.png,6
5/image_1090.png,6
5/image_1091.png,6
5/image_1092.png,6
5/image_1093.png,6
5/image_1094.png,6
5/image_1095.png,6
5/image_1096.png,6
5/image_1097.png,6
5/image_1098.png,6
5/image_1099.png,6
5/image_1100.png,6
5/image_1101.png,6
5/image_1102.png,6
5/image_1103.png,6
5/image_1104.png,6
5/image_1105.png,6
5/image_1106.png,6
5/image_1107.png,6
5/image_1108.png,6
5/image_1109.png,6
5/image_1110.png,6
5/image_1111.png,6
5/image_1112.png,6
5/image_1113.png,6
5/image_1114.png,6
5/image_1115.png,6
5/image_1116.png,6
5/image_1117.png,6
5/image_1118.png,6
5/image_1119.png,6
5/image_1120.png,6
5/image_1121.png,6
5/image_1122.png,6
5/image_1123.png,6
5/image_1124.png,6
5/image_1125.png,6
5/image_1126.png,6
5/image_1127.png,6
5/image_1128.png,6
5/image_1129.png,6
5/image_1130.png,6
5/image_1131.png,6
5/image_1132.png,6
5/image_1133.png,6
5/image_1134.png,6
5/image_1135.png,6
5/image_1136.png,6
5/image_1137.png,6
5/image_1138.png,6
5/image_1139.png,6
5/image_1140.png,6
5/image_1141.png,6
5/image_1142.png,6
5/image_1143.png,6
5/image_1144.png,6
5/image_1145.png,6
5/image_1146.png,6
5/image_1147.png,6
5/image_1148.png,6
5/image_1149.png,6
5/image_1150.png,6
5/image_1151.png,6
5/image_1152.png,6
5/image_1153.png,6
5/image_1154.png,6
5/image_1155.png,6
5/image_1156.png,6
5/image_1157.png,6
5/image_1158.png,6
5/image_1159.png,6
5/image_1160.png,6
5/image_1161.png,6
5/image_1162.png,6
5/image_1163.png,6
5/image_1164.png,6
5/image_1165.png,6
5/image_1166.png,6
5/image_1167.png,6
5/image_1168.png,6
5/image_1169.png,6
5/image_1170.png,6
5/image_1171.png,6
5/image_1172.png,6
5/image_1173.png,6
5/image_1174.png,6
5/image_1175.png,6
5/image_1176.png,6
5/image_1177.png,6
5/image_1178.png,6
5/image_1179.png,6
5/image_1180.png,6
5/image_1181.png,6
5/image_1182.png,6
5/image_1183.png,6
5/image_1184.png,6
5/image_1185.png,6
5/image_1186.png,6
5/image_1187.png,6
5/image_1188.png,6
5/image_1189.png,6
5/image_1190.png,6
5/image_1191.png,6
5/image_1192.png,6
5/image_1193.png,6
5/image_1194.png,6
5/image_1195.png,6
5/image_1196.png,6
5/image_1197.png,6
5/image_1198.png,6
5/image_1199.png,6
5/image_1200.png,6
5/image_1201.png,6
5/image_1202.png,6
5/image_1203.png,6
5/image_1204.png,6
5/image_1205.png,6
5/image_1206.png,6
5/image_1207.png,6
5/image_1208.png,6
5/image_1209.png,6
5/image_1210.png,6
5/image_1211.png,6
5/image_1212.png,6
5/image_1213.png,6
5/image_1214.png,6
5/image_1215.png,6
5/image_1216.png,6
5/image_1217.png,6
5/image_1218.png,6
5/image_1219.png,6
5/image_1220.png,6
5/image_1221.png,6
5/image_1222.png,6
5/image_1223.png,6
5/image_1224.png,6
5/image_1225.png,6
5/image_1226.png,6
5/image_1227.png,6
5/image_1228.png,6
5/image_1229.png,6
5/image_1230.png,6
5/image_1231.png,6
5/image_1232.png,6
5/image_1233.png,6
5/image_1234.png,6
5/image_1235.png,6
5/image_1236.png,6
5/image_1237.png,6
5/image_1238.png,6
5/image_1239.png,6
5/image_349.png,6
5/image_350.png,6
5/image_351.png,6
5/image_352.png,6
5/image_353.png,6
5/image_354.png,6
5/image_355.png,6
5/image_356.png,6
5/image_357.png,6
5/image_358.png,6
5/image_359.png,6
5/image_360.png,6
5/image_361.png,6
5/image_362.png,6
5/image_363.png,6
5/image_364.png,6
5/image_365.png,6
5/image_366.png,6
5/image_367.png,6
5/image_368.png,6
5/image_369.png,6
5/image_370.png,6
5/image_371.png,6
5/image_372.png,6
5/image_373.png,6
5/image_374.png,6
5/image_375.png,6
5/image_376.png,6
5/image_377.png,6
5/image_378.png,6
5/image_379.png,6
5/image_380.png,6
5/image_381.png,6
5/image_382.png,6
5/image_383.png,6
5/image_384.png,6
5/image_385.png,6
5/image_386.png,6
5/image_387.png,6
5/image_388.png,6
5/image_389.png,6
5/image_390.png,6
5/image_391.png,6
5/image_392.png,6
5/image_393.png,6
5/image_394.png,6
5/image_395.png,6
5/image_396.png,6
5/image_397.png,6
5/image_398.png,6
5/image_399.png,6
5/image_400.png,6
5/image_401.png,6
5/image_402.png,6
5/image_403.png,6
5/image_404.png,6
5/image_405.png,6
5/image_406.png,6
5/image_407.png,6
5/image_408.png,6
5/image_409.png,6
6/image_1240.png,7
6/image_1241.png,7
6/image_1242.png,7
6/image_1243.png,7
6/image_1244.png,7
6/image_1245.png,7
6/image_1246.png,7
6/image_1247.png,7
6/image_1248.png,7
6/image_1249.png,7
6/image_1250.png,7
6/image_1251.png,7
6/image_1252.png,7
6/image_1253.png,7
6/image_1254.png,7
6/image_1255.png,7
6/image_1256.png,7
6/image_1257.png,7
6/image_1258.png,7
6/image_1259.png,7
6/image_1260.png,7
6/image_1261.png,7
6/image_1262.png,7
6/image_1263.png,7
6/image_1264.png,7
6/image_1265.png,7
6/image_1266.png,7
6/image_1267.png,7
6/image_1268.png,7
6/image_1269.png,7
6/image_1270.png,7
6/image_1271.png,7
6/image_1272.png,7
6/image_1273.png,7
6/image_1274.png,7
6/image_1275.png,7
6/image_1276.png,7
6/image_1277.png,7
6/image_1278.png,7
6/image_1279.png,7
6/image_1280.png,7
6/image_1281.png,7
6/image_1282.png,7
6/image_1283.png,7
6/image_1284.png,7
6/image_1285.png,7
6/image_1286.png,7
6/image_1287.png,7
6/image_1288.png,7
6/image_1289.png,7
6/image_1290.png,7
6/image_1291.png,7
6/image_1292.png,7
6/image_1293.png,7
6/image_1294.png,7
6/image_1295.png,7
6/image_1296.png,7
6/image_1297.png,7
6/image_1298.png,7
6/image_1299.png,7
6/image_1300.png,7
6/image_1301.png,7
6/image_1302.png,7
6/image_1303.png,7
6/image_1304.png,7
6/image_1305.png,7
6/image_1306.png,7
6/image_1307.png,7
6/image_1308.png,7
6/image_1309.png,7
6/image_1310.png,7
6/image_1311.png,7
6/image_1312.png,7
6/image_1313.png,7
6/image_1314.png,7
6/image_1315.png,7
6/image_1316.png,7
6/image_1317.png,7
6/image_1318.png,7
6/image_1319.png,7
6/image_1320.png,7
6/image_1321.png,7
6/image_1322.png,7
6/image_1323.png,7
6/image_1324.png,7
6/image_1325.png,7
6/image_1326.png,7
6/image_1327.png,7
6/image_1328.png,7
6/image_1329.png,7
6/image_1330.png,7
6/image_1331.png,7
6/image_1332.png,7
6/image_1333.png,7
6/image_1334.png,7
6/image_1335.png,7
6/image_1336.png,7
6/image_1337.png,7
6/image_1338.png,7
6/image_1339.png,7
6/image_1340.png,7
6/image_1341.png,7
6/image_1342.png,7
6/image_1343.png,7
6/image_1344.png,7
6/image_1345.png,7
6/image_1346.png,7
6/image_1347.png,7
6/image_1348.png,7
6/image_1349.png,7
6/image_1350.png,7
6/image_1351.png,7
6/image_1352.png,7
6/image_1353.png,7
6/image_1354.png,7
6/image_1355.png,7
6/image_1356.png,7
6/image_1357.png,7
6/image_1358.png,7
6/image_1359.png,7
6/image_1360.png,7
6/image_1361.png,7
6/image_1362.png,7
6/image_1363.png,7
6/image_1364.png,7
6/image_1365.png,7
6/image_1366.png,7
6/image_1367.png,7
6/image_1368.png,7
6/image_1369.png,7
6/image_1370.png,7
6/image_1371.png,7
6/image_1372.png,7
6/image_1373.png,7
6/image_1374.png,7
6/image_1375.png,7
6/image_1376.png,7
6/image_1377.png,7
6/image_1378.png,7
6/image_1379.png,7
6/image_1380.png,7
6/image_1381.png,7
6/image_1382.png,7
6/image_1383.png,7
6/image_1384.png,7
6/image_1385.png,7
6/image_1386.png,7
6/image_1387.png,7
6/image_1388.png,7
6/image_1389.png,7
6/image_1390.png,7
6/image_1391.png,7
6/image_1392.png,7
6/image_1393.png,7
6/image_1394.png,7
6/image_1395.png,7
6/image_1396.png,7
6/image_1397.png,7
6/image_1398.png,7
6/image_1399.png,7
6/image_1400.png,7
6/image_1401.png,7
6/image_1402.png,7
6/image_1403.png,7
6/image_1404.png,7
6/image_1405.png,7
6/image_1406.png,7
6/image_1407.png,7
6/image_1408.png,7
6/image_1409.png,7
6/image_1410.png,7
6/image_1411.png,7
6/image_1412.png,7
6/image_1413.png,7
6/image_1414.png,7
6/image_406.png,7
6/image_407.png,7
6/image_408.png,7
6/image_409.png,7
6/image_410.png,7
6/image_411.png,7
6/image_412.png,7
6/image_413.png,7
6/image_414.png,7
6/image_415.png,7
6/image_416.png,7
6/image_417.png,7
6/image_418.png,7
6/image_419.png,7
6/image_420.png,7
6/image_421.png,7
6/image_422.png,7
6/image_423.png,7
6/image_424.png,7
6/image_425.png,7
6/image_426.png,7
6/image_427.png,7
6/image_428.png,7
6/image_429.png,7
6/image_430.png,7
6/image_431.png,7
6/image_432.png,7
6/image_433.png,7
6/image_434.png,7
6/image_435.png,7
6/image_436.png,7
6/image_437.png,7
6/image_438.png,7
6/image_439.png,7
6/image_440.png,7
6/image_441.png,7
6/image_442.png,7
6/image_443.png,7
6/image_444.png,7
6/image_445.png,7
6/image_446.png,7
6/image_447.png,7
6/image_448.png,7
6/image_449.png,7
6/image_450.png,7
6/image_451.png,7
6/image_452.png,7
6/image_453.png,7
6/image_454.png,7
6/image_455.png,7
6/image_456.png,7
6/image_457.png,7
6/image_458.png,7
6/image_459.png,7
6/image_460.png,7
6/image_461.png,7
6/image_462.png,7
6/image_463.png,7
6/image_464.png,7
6/image_465.png,7
6/image_466.png,7
6/image_467.png,7
7/image_1415.png,8
7/image_1416.png,8
7/image_1417.png,8
7/image_1418.png,8
7/image_1419.png,8
7/image_1420.png,8
7/image_1421.png,8
7/image_1422.png,8
7/image_1423.png,8
7/image_1424.png,8
7/image_1425.png,8
7/image_1426.png,8
7/image_1427.png,8
7/image_1428.png,8
7/image_1429.png,8
7/image_1430.png,8
7/image_1431.png,8
7/image_1432.png,8
7/image_1433.png,8
7/image_1434.png,8
7/image_1435.png,8
7/image_1436.png,8
7/image_1437.png,8
7/image_1438.png,8
7/image_1439.png,8
7/image_1440.png,8
7/image_1441.png,8
7/image_1442.png,8
7/image_1443.png,8
7/image_1444.png,8
7/image_1445.png,8
7/image_1446.png,8
7/image_1447.png,8
7/image_1448.png,8
7/image_1449.png,8
7/image_1450.png,8
7/image_1451.png,8
7/image_1452.png,8
7/image_1453.png,8
7/image_1454.png,8
7/image_1455.png,8
7/image_1456.png,8
7/image_1457.png,8
7/image_1458.png,8
7/image_1459.png,8
7/image_1460.png,8
7/image_1461.png,8
7/image_1462.png,8
7/image_1463.png,8
7/image_1464.png,8
7/image_1465.png,8
7/image_1466.png,8
7/image_1467.png,8
7/image_1468.png,8
7/image_1469.png,8
7/image_1470.png,8
7/image_1471.png,8
7/image_1472.png,8
7/image_1473.png,8
7/image_1474.png,8
7/image_1475.png,8
7/image_1476.png,8
7/image_1477.png,8
7/image_1478.png,8
7/image_1479.png,8
7/image_1480.png,8
7/image_1481.png,8
7/image_1482.png,8
7/image_1483.png,8
7/image_1484.png,8
7/image_1485.png,8
7/image_1486.png,8
7/image_1487.png,8
7/image_1488.png,8
7/image_1489.png,8
7/image_1490.png,8
7/image_1491.png,8
7/image_1492.png,8
7/image_1493.png,8
7/image_1494.png,8
7/image_1495.png,8
7/image_1496.png,8
7/image_1497.png,8
7/image_1498.png,8
7/image_1499.png,8
7/image_1500.png,8
7/image_1501.png,8
7/image_1502.png,8
7/image_1503.png,8
7/image_1504.png,8
7/image_1505.png,8
7/image_1506.png,8
7/image_1507.png,8
7/image_1508.png,8
7/image_1509.png,8
7/image_1510.png,8
7/image_1511.png,8
7/image_1512.png,8
7/image_1513.png,8
7/image_1514.png,8
7/image_1515.png,8
7/image_1516.png,8
7/image_1517.png,8
7/image_1518.png,8
7/image_1519.png,8
7/image_1520.png,8
7/image_1521.png,8
7/image_1522.png,8
7/image_1523.png,8
7/image_1524.png,8
7/image_1525.png,8
7/image_1526.png,8
7/image_1527.png,8
7/image_1528.png,8
7/image_1529.png,8
7/image_1530.png,8
7/image_1531.png,8
7/image_1532.png,8
7/image_1533.png,8
7/image_1534.png,8
7/image_1535.png,8
7/image_1536.png,8
7/image_1537.png,8
7/image_1538.png,8
7/image_1539.png,8
7/image_1540.png,8
7/image_1541.png,8
7/image_1542.png,8
7/image_1543.png,8
7/image_1544.png,8
7/image_1545.png,8
7/image_1546.png,8
7/image_1547.png,8
7/image_1548.png,8
7/image_1549.png,8
7/image_1550.png,8
7/image_1551.png,8
7/image_1552.png,8
7/image_1553.png,8
7/image_1554.png,8
7/image_1555.png,8
7/image_1556.png,8
7/image_1557.png,8
7/image_1558.png,8
7/image_1559.png,8
7/image_1560.png,8
7/image_1561.png,8
7/image_1562.png,8
7/image_1563.png,8
7/image_1564.png,8
7/image_1565.png,8
7/image_1566.png,8
7/image_1567.png,8
7/image_1568.png,8
7/image_1569.png,8
7/image_1570.png,8
7/image_1571.png,8
7/image_1572.png,8
7/image_1573.png,8
7/image_1574.png,8
7/image_1575.png,8
7/image_1576.png,8
7/image_1577.png,8
7/image_1578.png,8
7/image_1579.png,8
7/image_1580.png,8
7/image_1581.png,8
7/image_1582.png,8
7/image_1583.png,8
7/image_1584.png,8
7/image_1585.png,8
7/image_1586.png,8
7/image_1587.png,8
7/image_1588.png,8
7/image_1589.png,8
7/image_1590.png,8
7/image_1591.png,8
7/image_1592.png,8
7/image_1593.png,8
7/image_1594.png,8
7/image_1595.png,8
7/image_1596.png,8
7/image_1597.png,8
7/image_1598.png,8
7/image_1599.png,8
7/image_1600.png,8
7/image_1601.png,8
7/image_1602.png,8
7/image_1603.png,8
7/image_1604.png,8
7/image_1605.png,8
7/image_1606.png,8
7/image_1607.png,8
7/image_1608.png,8
7/image_462.png,8
7/image_463.png,8
7/image_464.png,8
7/image_465.png,8
7/image_466.png,8
7/image_467.png,8
7/image_468.png,8
7/image_469.png,8
7/image_470.png,8
7/image_471.png,8
7/image_472.png,8
7/image_473.png,8
7/image_474.png,8
7/image_475.png,8
7/image_476.png,8
7/image_477.png,8
7/image_478.png,8
7/image_479.png,8
7/image_480.png,8
7/image_481.png,8
7/image_482.png,8
7/image_483.png,8
7/image_484.png,8
7/image_485.png,8
7/image_486.png,8
7/image_487.png,8
7/image_488.png,8
7/image_489.png,8
7/image_490.png,8
7/image_491.png,8
7/image_492.png,8
7/image_493.png,8
7/image_494.png,8
7/image_495.png,8
7/image_496.png,8
7/image_497.png,8
7/image_498.png,8
7/image_499.png,8
7/image_500.png,8
7/image_501.png,8
7/image_502.png,8
7/image_503.png,8
7/image_504.png,8
7/image_505.png,8
7/image_506.png,8
7/image_507.png,8
7/image_508.png,8
7/image_509.png,8
7/image_510.png,8
7/image_511.png,8
7/image_512.png,8
7/image_513.png,8
7/image_514.png,8
7/image_515.png,8
7/image_516.png,8
7/image_517.png,8
7/image_518.png,8
7/image_519.png,8
7/image_520.png,8
7/image_521.png,8
7/image_522.png,8
7/image_523.png,8
7/image_524.png,8
7/image_525.png,8
7/image_526.png,8
7/image_527.png,8
7/image_528.png,8
7/image_529.png,8
7/image_530.png,8
7/image_531.png,8
8/image_1609.png,9
8/image_1610.png,9
8/image_1611.png,9
8/image_1612.png,9
8/image_1613.png,9
8/image_1614.png,9
8/image_1615.png,9
8/image_1616.png,9
8/image_1617.png,9
8/image_1618.png,9
8/image_1619.png,9
8/image_1620.png,9
8/image_1621.png,9
8/image_1622.png,9
8/image_1623.png,9
8/image_1624.png,9
8/image_1625.png,9
8/image_1626.png,9
8/image_1627.png,9
8/image_1628.png,9
8/image_1629.png,9
8/image_1630.png,9
8/image_1631.png,9
8/image_1632.png,9
8/image_1633.png,9
8/image_1634.png,9
8/image_1635.png,9
8/image_1636.png,9
8/image_1637.png,9
8/image_1638.png,9
8/image_1639.png,9
8/image_1640.png,9
8/image_1641.png,9
8/image_1642.png,9
8/image_1643.png,9
8/image_1644.png,9
8/image_1645.png,9
8/image_1646.png,9
8/image_1647.png,9
8/image_1648.png,9
8/image_1649.png,9
8/image_1650.png,9
8/image_1651.png,9
8/image_1652.png,9
8/image_1653.png,9
8/image_1654.png,9
8/image_1655.png,9
8/image_1656.png,9
8/image_1657.png,9
8/image_1658.png,9
8/image_1659.png,9
8/image_1660.png,9
8/image_1661.png,9
8/image_1662.png,9
8/image_1663.png,9
8/image_1664.png,9
8/image_1665.png,9
8/image_1666.png,9
8/image_1667.png,9
8/image_1668.png,9
8/image_1669.png,9
8/image_1670.png,9
8/image_1671.png,9
8/image_1672.png,9
8/image_1673.png,9
8/image_1674.png,9
8/image_1675.png,9
8/image_1676.png,9
8/image_1677.png,9
8/image_1678.png,9
8/image_1679.png,9
8/image_1680.png,9
8/image_1681.png,9
8/image_1682.png,9
8/image_1683.png,9
8/image_1684.png,9
8/image_1685.png,9
8/image_1686.png,9
8/image_1687.png,9
8/image_1688.png,9
8/image_1689.png,9
8/image_1690.png,9
8/image_1691.png,9
8/image_1692.png,9
8/image_1693.png,9
8/image_1694.png,9
8/image_1695.png,9
8/image_1696.png,9
8/image_1697.png,9
8/image_1698.png,9
8/image_1699.png,9
8/image_1700.png,9
8/image_1701.png,9
8/image_1702.png,9
8/image_1703.png,9
8/image_1704.png,9
8/image_1705.png,9
8/image_1706.png,9
8/image_1707.png,9
8/image_1708.png,9
8/image_1709.png,9
8/image_1710.png,9
8/image_1711.png,9
8/image_1712.png,9
8/image_1713.png,9
8/image_1714.png,9
8/image_1715.png,9
8/image_1716.png,9
8/image_1717.png,9
8/image_1718.png,9
8/image_1719.png,9
8/image_1720.png,9
8/image_1721.png,9
8/image_1722.png,9
8/image_1723.png,9
8/image_1724.png,9
8/image_1725.png,9
8/image_1726.png,9
8/image_1727.png,9
8/image_1728.png,9
8/image_1729.png,9
8/image_1730.png,9
8/image_1731.png,9
8/image_1732.png,9
8/image_1733.png,9
8/image_1734.png,9
8/image_1735.png,9
8/image_1736.png,9
8/image_1737.png,9
8/image_1738.png,9
8/image_1739.png,9
8/image_1740.png,9
8/image_1741.png,9
8/image_1742.png,9
8/image_1743.png,9
8/image_1744.png,9
8/image_1745.png,9
8/image_1746.png,9
8/image_1747.png,9
8/image_1748.png,9
8/image_1749.png,9
8/image_1750.png,9
8/image_1751.png,9
8/image_1752.png,9
8/image_1753.png,9
8/image_1754.png,9
8/image_1755.png,9
8/image_1756.png,9
8/image_1757.png,9
8/image_1758.png,9
8/image_1759.png,9
8/image_1760.png,9
8/image_1761.png,9
8/image_1762.png,9
8/image_1763.png,9
8/image_1764.png,9
8/image_1765.png,9
8/image_1766.png,9
8/image_1767.png,9
8/image_1768.png,9
8/image_1769.png,9
8/image_1770.png,9
8/image_1771.png,9
8/image_1772.png,9
8/image_1773.png,9
8/image_1774.png,9
8/image_1775.png,9
8/image_1776.png,9
8/image_1777.png,9
8/image_1778.png,9
8/image_1779.png,9
8/image_1780.png,9
8/image_1781.png,9
8/image_1782.png,9
8/image_1783.png,9
8/image_1784.png,9
8/image_1785.png,9
8/image_1786.png,9
8/image_1787.png,9
8/image_1788.png,9
8/image_1789.png,9
8/image_1790.png,9
8/image_1791.png,9
8/image_1792.png,9
8/image_1793.png,9
8/image_1794.png,9
8/image_1795.png,9
8/image_1796.png,9
8/image_1797.png,9
8/image_1798.png,9
8/image_1799.png,9
8/image_1800.png,9
8/image_1801.png,9
8/image_1802.png,9
8/image_1803.png,9
8/image_1804.png,9
8/image_1805.png,9
8/image_1806.png,9
8/image_1807.png,9
8/image_1808.png,9
8/image_1809.png,9
8/image_1810.png,9
8/image_1811.png,9
8/image_1812.png,9
8/image_526.png,9
8/image_527.png,9
8/image_528.png,9
8/image_529.png,9
8/image_530.png,9
8/image_531.png,9
8/image_532.png,9
8/image_533.png,9
8/image_534.png,9
8/image_535.png,9
8/image_536.png,9
8/image_537.png,9
8/image_538.png,9
8/image_539.png,9
8/image_540.png,9
8/image_541.png,9
8/image_542.png,9
8/image_543.png,9
8/image_544.png,9
8/image_545.png,9
8/image_546.png,9
8/image_547.png,9
8/image_548.png,9
8/image_549.png,9
8/image_550.png,9
8/image_551.png,9
8/image_552.png,9
8/image_553.png,9
8/image_554.png,9
8/image_555.png,9
8/image_556.png,9
8/image_557.png,9
8/image_558.png,9
8/image_559.png,9
8/image_560.png,9
8/image_561.png,9
8/image_562.png,9
8/image_563.png,9
8/image_564.png,9
8/image_565.png,9
8/image_566.png,9
8/image_567.png,9
8/image_568.png,9
8/image_569.png,9
8/image_570.png,9
8/image_571.png,9
8/image_572.png,9
8/image_573.png,9
8/image_574.png,9
8/image_575.png,9
8/image_576.png,9
8/image_577.png,9
8/image_578.png,9
8/image_579.png,9
8/image_580.png,9
8/image_581.png,9
8/image_582.png,9
8/image_583.png,9
8/image_584.png,9
8/image_585.png,9
8/image_586.png,9
8/image_587.png,9
8/image_588.png,9
8/image_589.png,9
8/image_590.png,9
8/image_591.png,9
8/image_592.png,9
8/image_593.png,9
8/image_594.png,9
8/image_595.png,9
8/image_596.png,9
8/image_597.png,9
8/image_598.png,9
8/image_599.png,9
9/image_1813.png,10
9/image_1814.png,10
9/image_1815.png,10
9/image_1816.png,10
9/image_1817.png,10
9/image_1818.png,10
9/image_1819.png,10
9/image_1820.png,10
9/image_1821.png,10
9/image_1822.png,10
9/image_1823.png,10
9/image_1824.png,10
9/image_1825.png,10
9/image_1826.png,10
9/image_1827.png,10
9/image_1828.png,10
9/image_1829.png,10
9/image_1830.png,10
9/image_1831.png,10
9/image_1832.png,10
9/image_1833.png,10
9/image_1834.png,10
9/image_1835.png,10
9/image_1836.png,10
9/image_1837.png,10
9/image_1838.png,10
9/image_1839.png,10
9/image_1840.png,10
9/image_1841.png,10
9/image_1842.png,10
9/image_1843.png,10
9/image_1844.png,10
9/image_1845.png,10
9/image_1846.png,10
9/image_1847.png,10
9/image_1848.png,10
9/image_1849.png,10
9/image_1850.png,10
9/image_1851.png,10
9/image_1852.png,10
9/image_1853.png,10
9/image_1854.png,10
9/image_1855.png,10
9/image_1856.png,10
9/image_1857.png,10
9/image_1858.png,10
9/image_1859.png,10
9/image_1860.png,10
9/image_1861.png,10
9/image_1862.png,10
9/image_1863.png,10
9/image_1864.png,10
9/image_1865.png,10
9/image_1866.png,10
9/image_1867.png,10
9/image_1868.png,10
9/image_1869.png,10
9/image_1870.png,10
9/image_1871.png,10
9/image_1872.png,10
9/image_1873.png,10
9/image_1874.png,10
9/image_1875.png,10
9/image_1876.png,10
9/image_1877.png,10
9/image_1878.png,10
9/image_1879.png,10
9/image_1880.png,10
9/image_1881.png,10
9/image_1882.png,10
9/image_1883.png,10
9/image_1884.png,10
9/image_1885.png,10
9/image_1886.png,10
9/image_1887.png,10
9/image_1888.png,10
9/image_1889.png,10
9/image_1890.png,10
9/image_1891.png,10
9/image_1892.png,10
9/image_1893.png,10
9/image_1894.png,10
9/image_1895.png,10
9/image_1896.png,10
9/image_1897.png,10
9/image_1898.png,10
9/image_1899.png,10
9/image_1900.png,10
9/image_1901.png,10
9/image_1902.png,10
9/image_1903.png,10
9/image_1904.png,10
9/image_1905.png,10
9/image_1906.png,10
9/image_1907.png,10
9/image_1908.png,10
9/image_1909.png,10
9/image_1910.png,10
9/image_1911.png,10
9/image_1912.png,10
9/image_1913.png,10
9/image_1914.png,10
9/image_1915.png,10
9/image_1916.png,10
9/image_1917.png,10
9/image_1918.png,10
9/image_1919.png,10
9/image_1920.png,10
9/image_1921.png,10
9/image_1922.png,10
9/image_1923.png,10
9/image_1924.png,10
9/image_1925.png,10
9/image_1926.png,10
9/image_1927.png,10
9/image_1928.png,10
9/image_1929.png,10
9/image_1930.png,10
9/image_1931.png,10
9/image_1932.png,10
9/image_1933.png,10
9/image_1934.png,10
9/image_1935.png,10
9/image_1936.png,10
9/image_1937.png,10
9/image_1938.png,10
9/image_1939.png,10
9/image_1940.png,10
9/image_1941.png,10
9/image_1942.png,10
9/image_1943.png,10
9/image_1944.png,10
9/image_1945.png,10
9/image_1946.png,10
9/image_1947.png,10
9/image_1948.png,10
9/image_1949.png,10
9/image_1950.png,10
9/image_1951.png,10
9/image_1952.png,10
9/image_1953.png,10
9/image_1954.png,10
9/image_1955.png,10
9/image_1956.png,10
9/image_1957.png,10
9/image_1958.png,10
9/image_1959.png,10
9/image_1960.png,10
9/image_1961.png,10
9/image_1962.png,10
9/image_1963.png,10
9/image_1964.png,10
9/image_1965.png,10
9/image_1966.png,10
9/image_1967.png,10
9/image_1968.png,10
9/image_1969.png,10
9/image_1970.png,10
9/image_1971.png,10
9/image_1972.png,10
9/image_1973.png,10
9/image_1974.png,10
9/image_1975.png,10
9/image_1976.png,10
9/image_1977.png,10
9/image_1978.png,10
9/image_1979.png,10
9/image_1980.png,10
9/image_1981.png,10
9/image_1982.png,10
9/image_1983.png,10
9/image_1984.png,10
9/image_1985.png,10
9/image_1986.png,10
9/image_1987.png,10
9/image_1988.png,10
9/image_1989.png,10
9/image_1990.png,10
9/image_1991.png,10
9/image_1992.png,10
9/image_1993.png,10
9/image_1994.png,10
9/image_1995.png,10
9/image_1996.png,10
9/image_1997.png,10
9/image_1998.png,10
9/image_1999.png,10
9/image_2000.png,10
9/image_2001.png,10
9/image_2002.png,10
9/image_2003.png,10
9/image_2004.png,10
9/image_2005.png,10
9/image_2006.png,10
9/image_2007.png,10
9/image_2008.png,10
9/image_2009.png,10
9/image_2010.png,10
9/image_2011.png,10
9/image_2012.png,10
9/image_2013.png,10
9/image_2014.png,10
9/image_2015.png,10
9/image_2016.png,10
9/image_2017.png,10
9/image_2018.png,10
9/image_2019.png,10
9/image_2020.png,10
9/image_2021.png,10
9/image_2022.png,10
9/image_2023.png,10
9/image_2024.png,10
9/image_2025.png,10
9/image_2026.png,10
9/image_2027.png,10
9/image_2028.png,10
9/image_2029.png,10
9/image_2030.png,10
9/image_2031.png,10
9/image_2032.png,10
9/image_2033.png,10
9/image_2034.png,10
9/image_2035.png,10
9/image_2036.png,10
9/image_2037.png,10
9/image_2038.png,10
9/image_2039.png,10
9/image_2040.png,10
9/image_2041.png,10
9/image_2042.png,10
9/image_589.png,10
9/image_590.png,10
9/image_591.png,10
9/image_592.png,10
9/image_593.png,10
9/image_594.png,10
9/image_595.png,10
9/image_596.png,10
9/image_597.png,10
9/image_598.png,10
9/image_599.png,10
9/image_600.png,10
9/image_601.png,10
9/image_602.png,10
9/image_603.png,10
9/image_604.png,10
9/image_605.png,10
9/image_606.png,10
9/image_607.png,10
9/image_608.png,10
9/image_609.png,10
9/image_610.png,10
9/image_611.png,10
9/image_612.png,10
9/image_613.png,10
9/image_614.png,10
9/image_615.png,10
9/image_616.png,10
9/image_617.png,10
9/image_618.png,10
9/image_619.png,10
9/image_620.png,10
9/image_621.png,10
9/image_622.png,10
9/image_623.png,10
9/image_624.png,10
9/image_625.png,10
9/image_626.png,10
9/image_627.png,10
9/image_628.png,10
9/image_629.png,10
9/image_630.png,10
9/image_631.png,10
9/image_632.png,10
9/image_633.png,10
9/image_634.png,10
9/image_635.png,10
9/image_636.png,10
9/image_637.png,10
9/image_638.png,10
9/image_639.png,10
9/image_640.png,10
9/image_641.png,10
9/image_642.png,10
9/image_643.png,10
9/image_644.png,10
9/image_645.png,10
9/image_646.png,10
9/image_647.png,10
9/image_648.png,10
9/image_649.png,10
9/image_650.png,10
9/image_651.png,10
9/image_652.png,10
9/image_653.png,10
9/image_654.png,10
9/image_655.png,10
9/image_656.png,10
9/image_657.png,10
9/image_658.png,10
9/image_659.png,10
9/image_660.png,10
9/image_661.png,10
9/image_662.png,10
9/image_663.png,10
9/image_664.png,10
9/image_665.png,10
9/image_666.png,10
9/image_667.png,10
9/image_668.png,10
9/image_669.png,10
9/image_670.png,10
9/image_671.png,10
9/image_672.png,10
9/image_673.png,10
9/image_674.png,10
9/image_675.png,10
9/image_676.png,10
9/image_677.png,10
9/image_678.png,10
9/image_679.png,10
9/image_680.png,10
9/image_681.png,10
9/image_682.png,10
9/image_683.png,10
9/image_684.png,10
9/image_685.png,10
9/image_686.png,10
9/image_687.png,10
9/image_688.png,10
9/image_689.png,10
9/image_690.png,10
9/image_691.png,10
9/image_692.png,10
9/image_693.png,10
